,Наименование,id,Скидка,Цена,Цена со скидкой,Бренд,id бренда,feedbacks,rating,Ссылка
0,Рубашка мужская оверсайз вельветовая с длинным рукавом,134508357,54,7570,3482,BULANTI,68500,172,5,https://www.wildberries.ru/catalog/134508357/detail.aspx?targetUrl=BP
1,Рубашка мужская оверсайз вельветовая с длинным рукавом,134508354,54,7570,3482,BULANTI,68500,172,5,https://www.wildberries.ru/catalog/134508354/detail.aspx?targetUrl=BP
2,"Рубашка мужская классическая приталенная, slim fit",12834448,25,5100,3825,KATARDI,76014,157,4,https://www.wildberries.ru/catalog/12834448/detail.aspx?targetUrl=BP
3,"Рубашка мужская классическая приталенная, slim fit",12834445,25,5100,3825,KATARDI,76014,157,4,https://www.wildberries.ru/catalog/12834445/detail.aspx?targetUrl=BP
4,Рубашка мужская оверсайз вельветовая с длинным рукавом,134508353,54,7570,3482,BULANTI,68500,172,5,https://www.wildberries.ru/catalog/134508353/detail.aspx?targetUrl=BP
5,"Рубашка мужская классическая приталенная, slim fit",12834446,25,5100,3825,KATARDI,76014,157,4,https://www.wildberries.ru/catalog/12834446/detail.aspx?targetUrl=BP
6,Рубашка Камис Джалябия Хадж,55971500,7,5250,4882,AL JUBBA,354624,16,5,https://www.wildberries.ru/catalog/55971500/detail.aspx?targetUrl=BP
7,Рубашка мужская оверсайз вельветовая,134739837,54,7440,3422,BULANTI,68500,22,5,https://www.wildberries.ru/catalog/134739837/detail.aspx?targetUrl=BP
8,Рубашка мужская большие размеры,101706937,57,6999,3009,KIDONLY,9734,25,4,https://www.wildberries.ru/catalog/101706937/detail.aspx?targetUrl=BP
9,"Рубашка мужская классическая приталенная, slim fit",34056709,25,5100,3825,KATARDI,76014,157,4,https://www.wildberries.ru/catalog/34056709/detail.aspx?targetUrl=BP
10,Хлопковая мужская рубашка длинные рукава,116518580,31,4450,3070,NINO PACOLI,21120,10,4,https://www.wildberries.ru/catalog/116518580/detail.aspx?targetUrl=BP
11,Мусульманская одежда. Рубашка. Камис,141181070,0,3500,3500,Libasa Sunna,541441,0,0,https://www.wildberries.ru/catalog/141181070/detail.aspx?targetUrl=BP
12,Рубашка мужская оверсайз вельветовая,134739835,54,7440,3422,BULANTI,68500,22,5,https://www.wildberries.ru/catalog/134739835/detail.aspx?targetUrl=BP
13,"Рубашка мужская классическая приталенная, slim fit",12834447,25,5100,3825,KATARDI,76014,157,4,https://www.wildberries.ru/catalog/12834447/detail.aspx?targetUrl=BP
14,Рубашка стрейч с воротом стойка,27447066,45,3750,2062,Caswera,150788,80,4,https://www.wildberries.ru/catalog/27447066/detail.aspx?targetUrl=BP
15,Рубашка мужская большие размеры,101714551,56,6999,3079,KIDONLY,9734,25,4,https://www.wildberries.ru/catalog/101714551/detail.aspx?targetUrl=BP
16,Рубашка мужская классическая синяя с длинным рукавом,64752201,49,2750,1402,Gouter,253569,86,4,https://www.wildberries.ru/catalog/64752201/detail.aspx?targetUrl=BP
17,Мусульманская одежда. Рубашка. Камис,141180950,0,3500,3500,Libasa Sunna,541441,0,0,https://www.wildberries.ru/catalog/141180950/detail.aspx?targetUrl=BP
18,Шапка-кепка мужская зимняя из меха нерпы,101004321,73,20200,5454,ANTIKA FURS,1486720,41,5,https://www.wildberries.ru/catalog/101004321/detail.aspx?targetUrl=BP
19,Шапка зимняя мужская вязаная бини осень,104639173,81,3900,741,Argentum Winter,37981186,4,5,https://www.wildberries.ru/catalog/104639173/detail.aspx?targetUrl=BP
20,Мужская тюбетейка татарская мусульманская,143197017,55,3500,1575,Kazan Hand Made,815032,1,5,https://www.wildberries.ru/catalog/143197017/detail.aspx?targetUrl=BP
21,Шапка зимняя мужская вязаная бини осень,105392231,81,3900,741,Argentum Winter,37981186,4,5,https://www.wildberries.ru/catalog/105392231/detail.aspx?targetUrl=BP
22,Халат накидка мусульманская,94910235,0,2300,2300,Libasa Sunna,541441,6,5,https://www.wildberries.ru/catalog/94910235/detail.aspx?targetUrl=BP
23,Шапка зимняя мужская вязаная бини осень,104637817,81,3900,741,Argentum Winter,37981186,4,5,https://www.wildberries.ru/catalog/104637817/detail.aspx?targetUrl=BP
24,Рубашка джинсовая оверсайз с длинным рукавом,137685594,58,7145,3000,BULANTI,68500,9,3,https://www.wildberries.ru/catalog/137685594/detail.aspx?targetUrl=BP
25,Шапка зимняя мужская вязаная бини осень,105392232,81,3900,741,Argentum Winter,37981186,4,5,https://www.wildberries.ru/catalog/105392232/detail.aspx?targetUrl=BP
26,Шапка зимняя мужская вязаная бини осень,104639174,81,3900,741,Argentum Winter,37981186,4,5,https://www.wildberries.ru/catalog/104639174/detail.aspx?targetUrl=BP
27,Рубашка Камис Джалябия Хадж,56224397,7,5250,4882,AL JUBBA,354624,16,5,https://www.wildberries.ru/catalog/56224397/detail.aspx?targetUrl=BP
28,"Рубашка мужская классическая, черная",99546285,30,3000,2100,BlackNefrit,11000445,12,4,https://www.wildberries.ru/catalog/99546285/detail.aspx?targetUrl=BP
29,Мужская тюбетейка татарская мусульманская,143197021,55,3500,1575,Kazan Hand Made,815032,1,5,https://www.wildberries.ru/catalog/143197021/detail.aspx?targetUrl=BP
30,Камис Рубашка Джалябия Хадж,113420568,3,5250,5092,AL JUBBA,354624,2,5,https://www.wildberries.ru/catalog/113420568/detail.aspx?targetUrl=BP
31,Рубашка мужская большие размеры,116563953,74,6999,1819,KIDONLY,9734,25,4,https://www.wildberries.ru/catalog/116563953/detail.aspx?targetUrl=BP
32,Шапка бини зимняя на флисе теплая двойная мужская,52681712,50,1450,725,Rostex,346849,13,4,https://www.wildberries.ru/catalog/52681712/detail.aspx?targetUrl=BP
33,Рубашка джинсовая оверсайз с длинным рукавом,137685596,58,7145,3000,BULANTI,68500,9,3,https://www.wildberries.ru/catalog/137685596/detail.aspx?targetUrl=BP
34,Шапка бини зимняя на флисе теплая двойная мужская,52681494,45,1290,709,Rostex,346849,13,4,https://www.wildberries.ru/catalog/52681494/detail.aspx?targetUrl=BP
35,Шапка бини зимняя на флисе теплая двойная мужская,122019470,50,1500,750,Rostex,346849,13,4,https://www.wildberries.ru/catalog/122019470/detail.aspx?targetUrl=BP
36,Мусульманская рубашка Камис,141181246,0,3500,3500,Libasa Sunna,541441,0,0,https://www.wildberries.ru/catalog/141181246/detail.aspx?targetUrl=BP
37,Халат накидка мусульманская,94910238,0,2300,2300,Libasa Sunna,541441,6,5,https://www.wildberries.ru/catalog/94910238/detail.aspx?targetUrl=BP
38,Мусульманская одежда. Рубашка. Камис,141180484,0,3500,3500,Libasa Sunna,541441,0,0,https://www.wildberries.ru/catalog/141180484/detail.aspx?targetUrl=BP
39,Халат накидка мусульманская,94910239,0,2300,2300,Libasa Sunna,541441,6,5,https://www.wildberries.ru/catalog/94910239/detail.aspx?targetUrl=BP
40,Халат накидка мусульманская,94910237,0,2300,2300,Libasa Sunna,541441,6,5,https://www.wildberries.ru/catalog/94910237/detail.aspx?targetUrl=BP
41,Рубашка мужская классическая с длинным рукавом,111966213,74,5999,1559,KIDONLY,9734,19,3,https://www.wildberries.ru/catalog/111966213/detail.aspx?targetUrl=BP
42,Шапка мужская вязаная весна осень,53903438,0,1280,1280,LANDRE,24584,0,0,https://www.wildberries.ru/catalog/53903438/detail.aspx?targetUrl=BP
43,Мусульманская одежда. Рубашка. Камис,141181447,0,3500,3500,Libasa Sunna,541441,0,0,https://www.wildberries.ru/catalog/141181447/detail.aspx?targetUrl=BP
44,Мусульманская рубашка Камис,141181301,0,3500,3500,Libasa Sunna,541441,0,0,https://www.wildberries.ru/catalog/141181301/detail.aspx?targetUrl=BP
45,Мусульманская одежда. Рубашка. Камис,141175227,0,3500,3500,Libasa Sunna,541441,0,0,https://www.wildberries.ru/catalog/141175227/detail.aspx?targetUrl=BP
46,Халат накидка мусульманская,143513621,0,2300,2300,Libasa Sunna,541441,6,5,https://www.wildberries.ru/catalog/143513621/detail.aspx?targetUrl=BP
47,Халат накидка мусульманская,143548026,0,2300,2300,Libasa Sunna,541441,6,5,https://www.wildberries.ru/catalog/143548026/detail.aspx?targetUrl=BP
48,Халат накидка мусульманская камис,93267134,5,2300,2185,Libasa Sunna,541441,0,0,https://www.wildberries.ru/catalog/93267134/detail.aspx?targetUrl=BP
49,Мужская тюбетейка татарская мусульманская,143197018,55,3500,1575,Kazan Hand Made,815032,1,5,https://www.wildberries.ru/catalog/143197018/detail.aspx?targetUrl=BP
50,Зимняя унисекс шапка Кусто для мужчин,105128960,53,1777,835,НЕ продавать ,2544416,0,0,https://www.wildberries.ru/catalog/105128960/detail.aspx?targetUrl=BP
51,шапка мужская бини зимняя с утеплителем,44169023,87,5760,748,Berkle-S,511570,0,0,https://www.wildberries.ru/catalog/44169023/detail.aspx?targetUrl=BP
52,Рубашка с длинным рукавом льняная классическая пляжная,141862098,73,4500,1215,CIPRESSO,10268491,16,5,https://www.wildberries.ru/catalog/141862098/detail.aspx?targetUrl=BP
53,Ихрам - Хадж - Умра - Поломничество,82686120,69,7000,2170,MUSK OASIS,568248,7,5,https://www.wildberries.ru/catalog/82686120/detail.aspx?targetUrl=BP
54,Рубашка мужская классическая с воротником,143287363,74,8730,2269,D.Brand's,16211615,5,4,https://www.wildberries.ru/catalog/143287363/detail.aspx?targetUrl=BP
55,"Рубашка мужская классическая, белая, под запонки",34042528,22,5100,3978,KATARDI,76014,27,4,https://www.wildberries.ru/catalog/34042528/detail.aspx?targetUrl=BP
56,Шапка Бини докерка укороченная весенняя тюбетейка теплая,136358863,52,1650,792,Бинни Докер Бини короткая,310552064,5,4,https://www.wildberries.ru/catalog/136358863/detail.aspx?targetUrl=BP
57,Рубашка Камис Джалябия Хадж,106122119,5,5750,5462,AL JUBBA,354624,4,5,https://www.wildberries.ru/catalog/106122119/detail.aspx?targetUrl=BP
58,Шапка Бини докерка укороченная весенняя тюбетейка теплая,144539078,54,1500,690,Шапка докер короткая,310554916,5,4,https://www.wildberries.ru/catalog/144539078/detail.aspx?targetUrl=BP
59,Шапка Бини докерка укороченная весенняя тюбетейка теплая,144537914,61,1500,585,Шапка докер короткая,310554916,5,4,https://www.wildberries.ru/catalog/144537914/detail.aspx?targetUrl=BP
60,Рубашка мужская черная с длинным рукавом,143287365,81,8730,1658,D.Brand's,16211615,5,4,https://www.wildberries.ru/catalog/143287365/detail.aspx?targetUrl=BP
61,"Рубашка мужская классическая приталенная, slim fit",34060325,25,5100,3825,KATARDI,76014,157,4,https://www.wildberries.ru/catalog/34060325/detail.aspx?targetUrl=BP
62,Рубашка удлиненная Камис классический,66609234,7,5250,4882,AL JUBBA,354624,8,4,https://www.wildberries.ru/catalog/66609234/detail.aspx?targetUrl=BP
63,Шапка-кепка мужская зимняя из меха нерпы,101004327,73,20200,5454,ANTIKA FURS,1486720,41,5,https://www.wildberries.ru/catalog/101004327/detail.aspx?targetUrl=BP
64,Шапка-кепка мужская зимняя из меха нерпы,101004328,73,20200,5454,ANTIKA FURS,1486720,41,5,https://www.wildberries.ru/catalog/101004328/detail.aspx?targetUrl=BP
65,Рубашка Камис Джалябия Хадж,56513667,7,5250,4882,AL JUBBA,354624,16,5,https://www.wildberries.ru/catalog/56513667/detail.aspx?targetUrl=BP
66,Рубашка классическая черная,39077255,77,5999,1379,Francesco Bellini,9245,106,5,https://www.wildberries.ru/catalog/39077255/detail.aspx?targetUrl=BP
67,Рубашка стрейч с воротом стойка,27447065,45,3750,2062,Caswera,150788,80,4,https://www.wildberries.ru/catalog/27447065/detail.aspx?targetUrl=BP
68,Мужская шапка Хабиба меховая зимняя белая из овчины,132083116,84,7500,1200,ПАПАХА,141034425,14,5,https://www.wildberries.ru/catalog/132083116/detail.aspx?targetUrl=BP
69,Рубашка мужская классика большие размеры,101704539,56,5900,2596,KIDONLY,9734,6,4,https://www.wildberries.ru/catalog/101704539/detail.aspx?targetUrl=BP
70,Рубашка с длинным рукавом,137493493,57,6999,3009,KIDONLY,9734,25,4,https://www.wildberries.ru/catalog/137493493/detail.aspx?targetUrl=BP
71,Тюбетейка татарская Тюрбан Ислам,103253885,60,1416,566,AKTAY,523304,8,5,https://www.wildberries.ru/catalog/103253885/detail.aspx?targetUrl=BP
72,Рубашка мужская классика большие размеры,101716293,54,5900,2714,KIDONLY,9734,6,4,https://www.wildberries.ru/catalog/101716293/detail.aspx?targetUrl=BP
73,Рубашка Камис Джалябия Хадж,39529818,7,5250,4882,AL JUBBA,354624,19,5,https://www.wildberries.ru/catalog/39529818/detail.aspx?targetUrl=BP
74,Рубашка Камис Джалябия Хадж,121009965,7,5250,4882,AL JUBBA,354624,16,5,https://www.wildberries.ru/catalog/121009965/detail.aspx?targetUrl=BP
75,Рубашка стрейч с воротом стойка,27447067,30,3750,2625,Caswera,150788,80,4,https://www.wildberries.ru/catalog/27447067/detail.aspx?targetUrl=BP
76,Тюбетейка Такия Вязаная шапка Калансуя,113421224,10,1500,1350,AL JUBBA,354624,5,5,https://www.wildberries.ru/catalog/113421224/detail.aspx?targetUrl=BP
77,Головной убор тюбетейка тюбитейка переливающийся цвет,133779454,0,750,750,Ручная работа,74427,12,5,https://www.wildberries.ru/catalog/133779454/detail.aspx?targetUrl=BP
78,Рубашка Камис Джалябия Хадж,56530437,7,5250,4882,AL JUBBA,354624,19,5,https://www.wildberries.ru/catalog/56530437/detail.aspx?targetUrl=BP
79,Рубашка мужcкая приталенная с рисунком,106133844,58,3980,1671,Egotrik,2675819,2,5,https://www.wildberries.ru/catalog/106133844/detail.aspx?targetUrl=BP
80,Рубашка мужская классика большие размеры,101716990,56,5900,2596,KIDONLY,9734,6,4,https://www.wildberries.ru/catalog/101716990/detail.aspx?targetUrl=BP
81,Рубашка классическая черная,39077254,78,5999,1319,Francesco Bellini,9245,106,5,https://www.wildberries.ru/catalog/39077254/detail.aspx?targetUrl=BP
82,Тюбетейка татарская Тюрбан Намаз,103148176,72,3000,840,AKTAY,523304,21,5,https://www.wildberries.ru/catalog/103148176/detail.aspx?targetUrl=BP
83,Рубашка мужcкая приталенная с рисунком,132717427,58,3110,1306,Egotrik,2675819,1,5,https://www.wildberries.ru/catalog/132717427/detail.aspx?targetUrl=BP
84,Шапка-кепка мужская зимняя из меха нерпы,101004322,73,20200,5454,ANTIKA FURS,1486720,41,5,https://www.wildberries.ru/catalog/101004322/detail.aspx?targetUrl=BP
85,"Рубашка мужская классическая, черная",104175029,30,3000,2100,BlackNefrit,11000445,12,4,https://www.wildberries.ru/catalog/104175029/detail.aspx?targetUrl=BP
86,Тюбетейка татарская Тюрбан Ислам,103253884,55,1500,675,AKTAY,523304,8,5,https://www.wildberries.ru/catalog/103253884/detail.aspx?targetUrl=BP
87,Халат накидка мусульманская,143513620,0,2300,2300,Libasa Sunna,541441,6,5,https://www.wildberries.ru/catalog/143513620/detail.aspx?targetUrl=BP
88,Рубашка мужская классика большие размеры,101694219,59,6999,2869,KIDONLY,9734,25,4,https://www.wildberries.ru/catalog/101694219/detail.aspx?targetUrl=BP
89,Рубашка с длинным рукавом льняная классическая пляжная,141862435,50,4500,2250,CIPRESSO,10268491,16,5,https://www.wildberries.ru/catalog/141862435/detail.aspx?targetUrl=BP
90,Рубашка мужская для офиса льняная,131533275,59,6999,2869,KIDONLY,9734,25,4,https://www.wildberries.ru/catalog/131533275/detail.aspx?targetUrl=BP
91,Рубашка мужская оверсайз вельветовая,134739836,54,7440,3422,BULANTI,68500,22,5,https://www.wildberries.ru/catalog/134739836/detail.aspx?targetUrl=BP
92,Рубашка с длинным рукавом льняная классическая пляжная,141863867,50,4500,2250,CIPRESSO,10268491,16,5,https://www.wildberries.ru/catalog/141863867/detail.aspx?targetUrl=BP
93,Рубашка мужская оверсайз большие размеры,101715783,55,6999,3149,KIDONLY,9734,25,4,https://www.wildberries.ru/catalog/101715783/detail.aspx?targetUrl=BP
94,Рубашка классическая черная,39077256,77,5999,1379,Francesco Bellini,9245,106,5,https://www.wildberries.ru/catalog/39077256/detail.aspx?targetUrl=BP
95,шапка черная тактическая теплая,103971709,91,8000,720,шапка черная вязанная тактическая для мужчин,33059505,0,0,https://www.wildberries.ru/catalog/103971709/detail.aspx?targetUrl=BP
96,Рубашка Камис Джалябия Хадж,39528918,7,5250,4882,AL JUBBA,354624,19,5,https://www.wildberries.ru/catalog/39528918/detail.aspx?targetUrl=BP
97,Рубашка Камис Джалябия Хадж,56512637,7,5250,4882,AL JUBBA,354624,16,5,https://www.wildberries.ru/catalog/56512637/detail.aspx?targetUrl=BP
98,Рубашка мужская классическая с длинным рукавом,111966388,81,5999,1139,KIDONLY,9734,19,3,https://www.wildberries.ru/catalog/111966388/detail.aspx?targetUrl=BP
99,Рубашка Камис Джалябия Хадж,124842133,7,5250,4882,AL JUBBA,354624,19,5,https://www.wildberries.ru/catalog/124842133/detail.aspx?targetUrl=BP
100,Тюбетейка татарская Тюрбан Ислам,103253886,50,1500,750,AKTAY,523304,8,5,https://www.wildberries.ru/catalog/103253886/detail.aspx?targetUrl=BP
101,Рубашка мужcкая приталенная с рисунком,106133847,58,3980,1671,Egotrik,2675819,0,0,https://www.wildberries.ru/catalog/106133847/detail.aspx?targetUrl=BP
102,"Рубашка мужская с капюшоном, анорак, лен",118813996,74,4900,1274,KIDONLY,9734,3,4,https://www.wildberries.ru/catalog/118813996/detail.aspx?targetUrl=BP
103,"Рубашка мужская льняная, воротник стойка (мандарин)",81446568,64,6000,2160,KATARDI,76014,29,4,https://www.wildberries.ru/catalog/81446568/detail.aspx?targetUrl=BP
104,Рубашка мужская классическая с длинным рукавом,111965930,77,5999,1379,KIDONLY,9734,19,3,https://www.wildberries.ru/catalog/111965930/detail.aspx?targetUrl=BP
105,Хлопковая мужская рубашка длинные рукава,116518579,25,4450,3337,NINO PACOLI,21120,10,4,https://www.wildberries.ru/catalog/116518579/detail.aspx?targetUrl=BP
106,"Рубашка мужская льняная, воротник стойка (мандарин)",81615918,65,6000,2100,KATARDI,76014,29,4,https://www.wildberries.ru/catalog/81615918/detail.aspx?targetUrl=BP
107,Рубашка Камис Джалябия Хадж,50503880,7,5250,4882,AL JUBBA,354624,19,5,https://www.wildberries.ru/catalog/50503880/detail.aspx?targetUrl=BP
108,Головной убор тюбетейка тюбитейка переливающийся цвет,120379402,0,750,750,Ручная работа,74427,12,5,https://www.wildberries.ru/catalog/120379402/detail.aspx?targetUrl=BP
109,Рубашка мужская классика большие размеры,116563954,74,6999,1819,KIDONLY,9734,25,4,https://www.wildberries.ru/catalog/116563954/detail.aspx?targetUrl=BP
110,Узбекская тюбетейка,109088516,0,640,640,АЛЬ-КАРИМ,1184185,24,5,https://www.wildberries.ru/catalog/109088516/detail.aspx?targetUrl=BP
111,"Рубашка мужская классическая, черная",104175030,30,3000,2100,BlackNefrit,11000445,12,4,https://www.wildberries.ru/catalog/104175030/detail.aspx?targetUrl=BP
112,Мужская шапка папаха меховая белая из натуральной овчины,142538882,70,6466,1939,Асия,401357,0,0,https://www.wildberries.ru/catalog/142538882/detail.aspx?targetUrl=BP
113,"Рубашка мужская классическая, черная",103959507,50,3000,1500,BlackNefrit,11000445,4,3,https://www.wildberries.ru/catalog/103959507/detail.aspx?targetUrl=BP
114,Шапка мужская вязаная весна осень,53903646,0,1280,1280,LANDRE,24584,0,0,https://www.wildberries.ru/catalog/53903646/detail.aspx?targetUrl=BP
115,Шапка мужская вязаная весна осень,53903540,0,1280,1280,LANDRE,24584,0,0,https://www.wildberries.ru/catalog/53903540/detail.aspx?targetUrl=BP
116,Шапка мужская вязаная весна осень,53903035,0,1280,1280,LANDRE,24584,0,0,https://www.wildberries.ru/catalog/53903035/detail.aspx?targetUrl=BP
117,Головной убор тюбетейка тюбитейка переливающийся цвет,133779455,0,750,750,Ручная работа,74427,12,5,https://www.wildberries.ru/catalog/133779455/detail.aspx?targetUrl=BP
118,Тюбетейка татарская Шапка Намаз,103148146,50,1500,750,AKTAY,523304,0,0,https://www.wildberries.ru/catalog/103148146/detail.aspx?targetUrl=BP
119,"Шапка ""Custo"", Бини демисезонная, Тыковка, Кусто",48790357,62,1500,570,TOPROCK,29996,0,0,https://www.wildberries.ru/catalog/48790357/detail.aspx?targetUrl=BP
120,Шапка,112653638,0,1767,1767,Шапка мужская,567912,6,4,https://www.wildberries.ru/catalog/112653638/detail.aspx?targetUrl=BP
121,Шапка,113402522,56,1950,858,BELLA LUX,1408053,5,5,https://www.wildberries.ru/catalog/113402522/detail.aspx?targetUrl=BP
122,Рубашка Камис Джалябия Хадж,58038111,7,5250,4882,AL JUBBA,354624,19,5,https://www.wildberries.ru/catalog/58038111/detail.aspx?targetUrl=BP
123,"Рубашка мужская льняная, воротник стойка (мандарин)",33963955,55,4800,2160,KATARDI,76014,40,4,https://www.wildberries.ru/catalog/33963955/detail.aspx?targetUrl=BP
124,"Рубашка мужская льняная, воротник стойка (мандарин)",34040709,52,4800,2304,KATARDI,76014,40,4,https://www.wildberries.ru/catalog/34040709/detail.aspx?targetUrl=BP
125,"мужская шапка, женская для мальчика",124519243,10,1480,1332,Ello13,8622161,0,0,https://www.wildberries.ru/catalog/124519243/detail.aspx?targetUrl=BP
126,"Рубашка мужская классическая, черная",103959506,50,3000,1500,BlackNefrit,11000445,4,3,https://www.wildberries.ru/catalog/103959506/detail.aspx?targetUrl=BP
127,Рубашка мужcкая приталенная с рисунком,132193365,58,3250,1365,Egotrik,2675819,2,5,https://www.wildberries.ru/catalog/132193365/detail.aspx?targetUrl=BP
128,Тюбетейка мужская татарская Тюрбан,103251798,36,3800,2432,AKTAY,523304,0,0,https://www.wildberries.ru/catalog/103251798/detail.aspx?targetUrl=BP
129,Шапка мужская вязаная весна осень,53902748,0,1280,1280,LANDRE,24584,0,0,https://www.wildberries.ru/catalog/53902748/detail.aspx?targetUrl=BP
130,Рубашка,43037169,59,4199,1721,KOLIBRII,336186,2,3,https://www.wildberries.ru/catalog/43037169/detail.aspx?targetUrl=BP
131,Рубашка Камис Джалябия Хадж,114857634,7,5250,4882,AL JUBBA,354624,19,5,https://www.wildberries.ru/catalog/114857634/detail.aspx?targetUrl=BP
132,Рубашка мужская нарядная с принтом easy care,139732589,78,15517,3413,MirSer,76065,0,0,https://www.wildberries.ru/catalog/139732589/detail.aspx?targetUrl=BP
133,Рубашка мужская нарядная с принтом easy care,141528594,78,15517,3413,MirSer,76065,0,0,https://www.wildberries.ru/catalog/141528594/detail.aspx?targetUrl=BP
134,Рубашка мужская нарядная с принтом easy care,139732593,78,15517,3413,MirSer,76065,0,0,https://www.wildberries.ru/catalog/139732593/detail.aspx?targetUrl=BP
135,Рубашка мужская нарядная с принтом easy care,139732591,78,15517,3413,MirSer,76065,0,0,https://www.wildberries.ru/catalog/139732591/detail.aspx?targetUrl=BP
136,Рубашка мужская нарядная с принтом easy care,139732590,78,15517,3413,MirSer,76065,0,0,https://www.wildberries.ru/catalog/139732590/detail.aspx?targetUrl=BP
137,Рубашка мужская нарядная с принтом easy care,139732594,78,15517,3413,MirSer,76065,0,0,https://www.wildberries.ru/catalog/139732594/detail.aspx?targetUrl=BP
138,Рубашка мужская нарядная с принтом easy care,139732586,78,15517,3413,MirSer,76065,0,0,https://www.wildberries.ru/catalog/139732586/detail.aspx?targetUrl=BP
139,Рубашка,40650523,33,4400,2948,BY F.R.C,144177,0,0,https://www.wildberries.ru/catalog/40650523/detail.aspx?targetUrl=BP
140,Рубашка мужская льняная приталенная,33956717,50,4800,2400,KATARDI,76014,14,4,https://www.wildberries.ru/catalog/33956717/detail.aspx?targetUrl=BP
141,Рубашка,43037168,48,4199,2183,KOLIBRII,336186,2,3,https://www.wildberries.ru/catalog/43037168/detail.aspx?targetUrl=BP
142,Рубашка,43037170,61,4199,1637,KOLIBRII,336186,2,3,https://www.wildberries.ru/catalog/43037170/detail.aspx?targetUrl=BP
143,Шапка,68633914,5,1400,1330,Тюбетейка/Эбием,918884,1,5,https://www.wildberries.ru/catalog/68633914/detail.aspx?targetUrl=BP
144,тюбетейка тюбитейка,25729832,15,1600,1360,AZARUZ/тюбетейка,222373,24,5,https://www.wildberries.ru/catalog/25729832/detail.aspx?targetUrl=BP
145,Шапка мужская вязаная весна осень,53904218,0,1280,1280,LANDRE,24584,0,0,https://www.wildberries.ru/catalog/53904218/detail.aspx?targetUrl=BP
146,Шапка мужская вязаная весна осень,53903746,0,1280,1280,LANDRE,24584,0,0,https://www.wildberries.ru/catalog/53903746/detail.aspx?targetUrl=BP
147,Шапка мужская вязаная весна осень,53903315,0,1280,1280,LANDRE,24584,0,0,https://www.wildberries.ru/catalog/53903315/detail.aspx?targetUrl=BP
148,Шапка мужская вязаная весна осень,53903182,0,1280,1280,LANDRE,24584,0,0,https://www.wildberries.ru/catalog/53903182/detail.aspx?targetUrl=BP
149,Шапка,113530601,56,1950,858,BELLA LUX,1408053,5,5,https://www.wildberries.ru/catalog/113530601/detail.aspx?targetUrl=BP
150,Шапка Пуштунка Афганка Паколь Душманка шерстяная с отворотом,140258468,65,5000,1750,Шапки шерстяные,560367,14,5,https://www.wildberries.ru/catalog/140258468/detail.aspx?targetUrl=BP
151,"Рубашка мужская льняная, воротник стойка (мандарин)",33962830,55,4800,2160,KATARDI,76014,40,4,https://www.wildberries.ru/catalog/33962830/detail.aspx?targetUrl=BP
152,Тюбетейка татарская Тюрбан Намаз,103148177,25,3000,2250,AKTAY,523304,21,5,https://www.wildberries.ru/catalog/103148177/detail.aspx?targetUrl=BP
153,Тюбетейка узбекская,80042760,0,630,630,АЛЬ-КАРИМ,1184185,24,5,https://www.wildberries.ru/catalog/80042760/detail.aspx?targetUrl=BP
154,Тюбетейка мужская татарская Тюрбан,103257458,40,1500,900,AKTAY,523304,1,4,https://www.wildberries.ru/catalog/103257458/detail.aspx?targetUrl=BP
155,Тюбетейка татарская Тюрбан Ислам,103260448,66,1700,578,AKTAY,523304,1,5,https://www.wildberries.ru/catalog/103260448/detail.aspx?targetUrl=BP
156,Тюбетейка татарская Тюрбан Ислам,103260446,57,1811,778,AKTAY,523304,1,5,https://www.wildberries.ru/catalog/103260446/detail.aspx?targetUrl=BP
157,Рубашка мужcкая приталенная с рисунком,132124254,58,2970,1247,Egotrik,2675819,2,5,https://www.wildberries.ru/catalog/132124254/detail.aspx?targetUrl=BP
158,Шапка Пуштунка мужская зимняя вязаная шерстяная с отворотом,45520613,56,4000,1760,Пуштунка Паколь,598850,3,5,https://www.wildberries.ru/catalog/45520613/detail.aspx?targetUrl=BP
159,"Шапка ""Custo"", Бини демисезонная, Тыковка, Кусто",48789850,62,1500,570,TOPROCK,29996,0,0,https://www.wildberries.ru/catalog/48789850/detail.aspx?targetUrl=BP
160,"Шапка Бини короткая мужская,женская",100901045,60,1800,720,Moda Mix,1450930,0,0,https://www.wildberries.ru/catalog/100901045/detail.aspx?targetUrl=BP
161,Шапка Пуштунка мужская зимняя вязаная шерстяная с отворотом,45520611,56,4000,1760,Пуштунка Паколь,598850,3,5,https://www.wildberries.ru/catalog/45520611/detail.aspx?targetUrl=BP
162,Шапка мужская,130271253,15,899,764,Шапки,94238,1,5,https://www.wildberries.ru/catalog/130271253/detail.aspx?targetUrl=BP
163,"Шапка ""Custo"", Бини демисезонная, Тыковка, Кусто",48790241,62,1500,570,TOPROCK,29996,0,0,https://www.wildberries.ru/catalog/48790241/detail.aspx?targetUrl=BP
164,Рубашка,115846262,35,8632,5610,Forever Friday,1191411,0,0,https://www.wildberries.ru/catalog/115846262/detail.aspx?targetUrl=BP
165,Рубашка,115846264,35,8632,5610,Forever Friday,1191411,0,0,https://www.wildberries.ru/catalog/115846264/detail.aspx?targetUrl=BP
166,Рубашка,115846252,35,8632,5610,Forever Friday,1191411,0,0,https://www.wildberries.ru/catalog/115846252/detail.aspx?targetUrl=BP
167,"Шапка ""Custo"", Бини демисезонная, Тыковка, Кусто",48789758,62,1500,570,TOPROCK,29996,0,0,https://www.wildberries.ru/catalog/48789758/detail.aspx?targetUrl=BP
168,"Шапка ""Custo"", Бини демисезонная, Тыковка, Кусто",48790439,62,1500,570,TOPROCK,29996,0,0,https://www.wildberries.ru/catalog/48790439/detail.aspx?targetUrl=BP
169,Шапка Пуштунка Афганка Паколь Душманка шерстяная с отворотом,45524207,65,5000,1750,Шапки шерстяные,560367,14,5,https://www.wildberries.ru/catalog/45524207/detail.aspx?targetUrl=BP
170,Шапка Пуштунка Афганка Паколь Душманка шерстяная с отворотом,45524204,65,5000,1750,Шапки шерстяные,560367,14,5,https://www.wildberries.ru/catalog/45524204/detail.aspx?targetUrl=BP
171,Рубашка мужская классика большие размеры,116563950,74,6999,1819,KIDONLY,9734,25,4,https://www.wildberries.ru/catalog/116563950/detail.aspx?targetUrl=BP
172,Шапка мужская зимняя со снудом Бини вязаная теплая женская,141103331,60,3000,1200,LuckyCap,113404,0,0,https://www.wildberries.ru/catalog/141103331/detail.aspx?targetUrl=BP
173,Шапка Пуштунка Афганка Паколь Душманка шерстяная с отворотом,45524206,65,5000,1750,Шапки шерстяные,560367,14,5,https://www.wildberries.ru/catalog/45524206/detail.aspx?targetUrl=BP
174,Шапка,112654094,0,1767,1767,Шапка мужская,567912,6,4,https://www.wildberries.ru/catalog/112654094/detail.aspx?targetUrl=BP
175,Шапка Пуштунка Афганка Паколь Душманка шерстяная,146232358,0,1899,1899,UP CAR SPB,1021865,0,0,https://www.wildberries.ru/catalog/146232358/detail.aspx?targetUrl=BP
176,Шапка Пуштунка Афганка Паколь Душманка шерстяная,146232357,0,1899,1899,UP CAR SPB,1021865,0,0,https://www.wildberries.ru/catalog/146232357/detail.aspx?targetUrl=BP
177,Шапка,112654776,0,1767,1767,Шапка мужская,567912,6,4,https://www.wildberries.ru/catalog/112654776/detail.aspx?targetUrl=BP
178,Шапка,112654664,0,1767,1767,Шапка мужская,567912,6,4,https://www.wildberries.ru/catalog/112654664/detail.aspx?targetUrl=BP
179,Шапка,112654163,0,1767,1767,Шапка мужская,567912,6,4,https://www.wildberries.ru/catalog/112654163/detail.aspx?targetUrl=BP
180,Узбекская тюбетейка,87863007,0,630,630,АЛЬ-КАРИМ,1184185,24,5,https://www.wildberries.ru/catalog/87863007/detail.aspx?targetUrl=BP
181,Чеченская тюбетейка. Вайнахская. Пяс,109820277,0,940,940,АЛЬ-КАРИМ,1184185,13,5,https://www.wildberries.ru/catalog/109820277/detail.aspx?targetUrl=BP
182,Шапка,108102001,10,1220,1098,Ello 13,55223007,0,0,https://www.wildberries.ru/catalog/108102001/detail.aspx?targetUrl=BP
183,Тюбетейка узбекская. Таджикская. Доппе,108576652,0,920,920,АЛЬ-КАРИМ,1184185,24,5,https://www.wildberries.ru/catalog/108576652/detail.aspx?targetUrl=BP
184,Тюбетейка узбекская. Таджикская. Доппе,108779967,0,920,920,АЛЬ-КАРИМ,1184185,24,5,https://www.wildberries.ru/catalog/108779967/detail.aspx?targetUrl=BP
185,шапка мужская женская зимняя,132491414,0,2340,2340,Ello13,8622161,0,0,https://www.wildberries.ru/catalog/132491414/detail.aspx?targetUrl=BP
186,"шапка зимняя мужсоя, женская",132492609,10,1990,1791,Ello13,8622161,0,0,https://www.wildberries.ru/catalog/132492609/detail.aspx?targetUrl=BP
187,Шапка мужская,124525909,0,999,999,Ello13,8622161,0,0,https://www.wildberries.ru/catalog/124525909/detail.aspx?targetUrl=BP
188,Тюбетейка узбекская. Таджикская. Доппе,108700830,0,920,920,АЛЬ-КАРИМ,1184185,24,5,https://www.wildberries.ru/catalog/108700830/detail.aspx?targetUrl=BP
189,Шапка Пуштунка Афганка Паколь Душманка шерстяная с отворотом,144216651,65,5000,1750,Шапки шерстяные,560367,14,5,https://www.wildberries.ru/catalog/144216651/detail.aspx?targetUrl=BP
190,Рубашка мусульманская Камис удлиненная,145569170,0,2500,2500,Лавка Восток,310572534,0,0,https://www.wildberries.ru/catalog/145569170/detail.aspx?targetUrl=BP
191,Головной убор тюбетейка тюбитейка переливающийся цвет,142516751,0,750,750,Ручная работа,74427,12,5,https://www.wildberries.ru/catalog/142516751/detail.aspx?targetUrl=BP
192,Тюбетейка с красивым орнаментом,112709102,0,800,800,Ручная Работа- handmade,1238001,4,5,https://www.wildberries.ru/catalog/112709102/detail.aspx?targetUrl=BP
193,Головной убор тюбетейка тюбитейка переливающийся цвет,112709392,0,750,750,Ручная работа,74427,12,5,https://www.wildberries.ru/catalog/112709392/detail.aspx?targetUrl=BP
194,Чеченская тюбетейка. Вайнахская. Пяс,109822546,0,940,940,АЛЬ-КАРИМ,1184185,13,5,https://www.wildberries.ru/catalog/109822546/detail.aspx?targetUrl=BP
195,Шапка,66218368,45,1799,989,Balanovo,982463,2,2,https://www.wildberries.ru/catalog/66218368/detail.aspx?targetUrl=BP
